1,the
2,a
3,of
4,.
5,","
6,and
7,to
8,network
9,neural
10,is
11,for
12,in
13,The
14,an
15,data
16,are
17,by
18,A
19,input
20,system
21,with
22,output
23,or
24,from
25,which
26,be
27,as
28,that
29,on
30,signal
31,method
32,each
33,one
34,image
35,at
36,using
37,plurality
38,first
39,layer
40,can
41,includes
42,set
43,training
44,control
45,may
46,processing
47,based
48,values
49,second
50,information
51,signals
52,model
53,value
54,used
55,process
56,learning
57,neuron
58,least
59,pattern
60,such
61,device
62,between
63,time
64,In
65,circuit
66,vector
67,unit
68,having
69,into
70,neurons
71,apparatus
72,function
73,trained
74,more
75,invention
76,An
77,parameters
78,provided
79,corresponding
80,feature
81,recognition
82,artificial
83,networks
84,has
85,also
86,weight
87,number
88,then
89,state
90,inputs
91,present
92,object
93,memory
94,speech
95,including
96,associated
97,computer
98,comprises
99,other
100,through
101,images
102,sensor
103,outputs
104,within
105,parameter
106,vectors
107,error
108,use
109,generate
110,operation
111,determined
112,nodes
113,current
114,controller
115,Each
116,elements
117,user
118,node
119,connected
120,predetermined
121,weights
122,response
123,processor
124,systems
125,provides
126,features
127,determine
128,determining
129,analysis
130,patterns
131,digital
132,target
133,disclosed
134,selected
135,different
136,stored
137,means
138,algorithm
139,being
140,generated
141,provide
142,include
143,generating
144,array
145,and/or
146,multiple
147,module
148,structure
149,This
150,methods
151,so
152,respective
153,applied
154,when
155,obtained
156,classification
157,two
158,said
159,.sub
160,element
161,during
162,wherein
163,variables
164,further
165,form
166,embodiment
167,vehicle
168,comprising
169,desired
170,color
171,matrix
172,sequence
173,this
174,detection
175,according
176,synapse
177,fuzzy
178,result
179,receiving
180,providing
181,it
182,not
183,results
184,representing
185,hidden
186,sets
187,connection
188,all
189,characteristics
190,layers
191,its
192,uses
193,predicted
194,operating
195,component
196,configured
197,units
198,example
199,frequency
200,processed
201,engine
202,new
203,generates
204,light
205,adaptive
206,characteristic
207,particular
208,performance
209,receives
210,than
211,position
212,condition
213,functions
214,have
215,produce
216,order
217,conditions
218,detected
219,performed
220,part
221,optical
222,type
223,models
224,reference
225,level
226,logic
227,components
228,known
229,received
230,variable
231,measured
232,sample
233,voltage
234,given
235,performing
236,any
237,analog
238,difference
239,threshold
240,upon
241,high
242,detecting
243,extracted
244,group
245,another
246,storage
247,whether
248,described
249,section
250,objects
251,where
252,rate
253,portion
254,accordance
255,devices
256,temperature
257,been
258,basis
259,application
260,computing
261,controlling
262,location
263,power
264,via
265,synaptic
266,acoustic
267,controlled
268,area
269,electronic
270,feedback
271,character
272,space
273,nonlinear
274,out
275,circuits
276,techniques
277,samples
278,classifier
279,cell
280,sensors
281,representation
282,same
283,these
284,coupled
285,energy
286,point
287,single
288,database
289,various
290,both
291,points
292,region
293,calculated
294,field
295,steps
296,representative
297,combination
298,linear
299,audio
300,thereby
301,architecture
302,train
303,program
304,over
305,weighted
306,cells
307,weighting
308,formed
309,prediction
310,source
311,block
312,change
313,event
314,video
315,class
316,if
317,.g
318,convolutional
319,implemented
320,only
321,noise
322,internal
323,intermediate
324,coefficients
325,test
326,product
327,dynamic
328,obtain
329,decision
330,indicative
331,patient
332,content
333,machine
334,monitoring
335,well
336,storing
337,distance
338,determines
339,actual
340,integrated
341,local
342,parallel
343,measurements
344,series
345,made
346,connections
347,automatically
348,derived
349,physical
350,step
351,initial
352,plant
353,phase
354,extraction
355,filter
356,combined
357,mode
358,specific
359,pressure
360,identify
361,subject
362,related
363,line
364,regions
365,map
366,while
367,back
368,search
369,pixel
370,rules
371,estimated
372,either
373,receive
374,detector
375,about
376,third
377,processes
378,rule
379,domain
380,range
381,identifying
382,measurement
383,distribution
384,learned
385,capable
386,calculating
387,quality
388,measuring
389,individual
390,perform
391,flow
392,real
393,without
394,optimal
395,correction
396,communication
397,after
398,text
399,unknown
400,defined
401,channel
402,speed
403,base
404,interface
405,operations
406,words
407,binary
408,evaluation
409,N
410,environment
411,candidate
412,real-time
413,their
414,surface
415,amount
416,technique
417,synapses
418,visual
419,probability
420,adapted
421,recurrent
422,identified
423,preferably
424,electrical
425,utilizing
426,Neural
427,activation
428,characters
429,presented
430,predicting
431,predict
432,applying
433,changes
434,factors
435,query
436,levels
437,potential
438,motor
439,ANN
440,transform
441,category
442,three
443,lines
444,identification
445,One
446,estimate
447,inference
448,pixels
449,interconnected
450,produced
451,degree
452,display
453,some
454,obtaining
455,those
456,automatic
457,deep
458,ratio
459,document
460,among
461,calculation
462,detect
463,arrangement
464,knowledge
465,For
466,code
467,These
468,along
469,accuracy
470,adjusted
471,language
472,pair
473,spatial
474,(e
475,will
476,estimation
477,compared
478,media
479,analyzing
480,inputted
481,transmission
482,thereof
483,original
484,sum
485,relationship
486,possible
487,coupling
488,If
489,respect
490,normal
491,recognize
492,relative
493,interest
494,extracting
495,problem
496,allows
497,containing
498,optimization
499,states
500,context
501,activity
502,employed
503,pulse
504,relates
505,selection
506,final
507,stage
508,selecting
509,thus
510,size
511,mapping
512,similar
513,utilized
514,embodiments
515,Methods
516,non-linear
517,large
518,locations
519,supplied
520,waveform
521,modeling
522,cost
523,indicating
524,produces
525,behavior
526,terms
527,manner
528,human
529,external
530,under
531,estimating
532,frames
533,frame
534,constructed
535,determination
536,station
537,computed
538,outputting
539,classes
540,gas
541,complex
542,performs
543,bit
544,strength
545,face
546,arranged
547,addition
548,programs
549,traffic
550,improved
551,modified
552,charge
553,comparing
554,transformed
555,represents
556,word
557,driving
558,resulting
559,gate
560,recognizing
561,clusters
562,fault
563,design
564,associative
565,body
566,classifying
567,events
568,template
569,matching
570,utilizes
571,spectral
572,times
573,low
574,score
575,material
576,previously
577,appropriate
578,represented
579,learn
580,voice
581,but
582,attributes
583,reduced
584,brain
585,expert
586,normalized
587,automated
588,monitored
589,action
590,encoded
591,inputting
592,optimum
593,algorithms
594,comparison
595,respectively
596,forming
597,producing
598,implementation
599,predictive
600,window
601,processors
602,configuration
603,propagation
604,classified
605,additional
606,quantity
607,required
608,software
609,preferred
610,At
611,statistical
612,represent
613,correlation
614,recognized
615,subset
616,segment
617,collected
618,spectrum
619,most
620,responsive
621,hardware
622,properties
623,electrode
624,measure
625,relating
626,global
627,differential
628,presence
629,operates
630,shape
631,minimum
632,located
633,path
634,optimized
635,until
636,direction
637,sensing
638,up
639,tissue
640,transformation
641,applications
642,future
643,groups
644,mechanism
645,standard
646,When
647,assigned
648,conventional
649,movement
650,case
651,mobile
652,distributed
653,types
654,select
655,fed
656,stream
657,electric
658,corresponds
659,analyzed
660,fixed
661,transfer
662,combustion
663,available
664,together
665,phoneme
666,common
667,whose
668,signature
669,directly
670,air
671,coefficient
672,cluster
673,maximum
674,core
675,contains
676,approach
677,index
678,several
679,load
680,included
681,pairs
682,collection
683,Network
684,computation
685,create
686,medium
687,access
688,match
689,herein
690,generator
691,average
692,improve
693,prior
694,period
695,converting
696,person
697,production
698,density
699,calculates
700,amplifier
701,general
702,necessary
703,semiconductor
704,medical
705,following
706,formation
707,background
708,analyzer
709,subsequent
710,classify
711,converted
712,column
713,wavelet
714,radiation
715,previous
716,After
717,physiological
718,genetic
719,stores
720,correspond
721,likelihood
722,evaluating
723,estimates
724,camera
725,angle
726,useful
727,center
728,generation
729,controls
730,operational
731,lower
732,spike
733,breathing
734,diagnostic
735,reduce
736,electrodes
737,During
738,created
739,cycle
740,forward
741,effect
742,volume
743,Fourier
744,intelligent
745,vibration
746,drive
747,communications
748,efficiency
749,measures
750,table
751,technology
752,partial
753,transmitted
754,achieved
755,service
756,conversion
757,floating
758,representations
759,suitable
760,relationships
761,updated
762,dimension
763,heart
764,packet
765,monitor
766,analyzes
767,smaller
768,imaging
769,categories
770,It
771,operate
772,delay
773,characterized
774,interconnection
775,tool
776,moving
777,confidence
778,main
779,total
780,positions
781,read
782,solution
783,adjusting
784,speaker
785,loop
786,historical
787,setting
788,abnormal
789,n
790,etc
791,fluid
792,scores
793,implementing
794,sampling
795,membership
796,health
797,By
798,discrete
799,store
800,key
801,row
802,(ANN)
803,comprise
804,cardiac
805,structures
806,operator
807,similarity
808,problems
809,primary
810,higher
811,battery
812,errors
813,modules
814,particularly
815,temporal
816,objective
817,variety
818,dimensional
819,multiplier
820,three-dimensional
821,aspect
822,e
823,correct
824,indicates
825,basic
826,calculate
827,testing
828,efficient
829,spiking
830,documents
831,accurate
832,active
833,portions
834,accurately
835,making
836,employs
837,unsupervised
838,semantic
839,hybrid
840,onto
841,supervised
842,examples
843,certain
844,filtering
845,factor
846,resistance
847,products
848,independent
849,bus
850,small
851,joint
852,converter
853,scheme
854,sequences
855,DNN
856,length
857,dependent
858,water
859,neuronal
860,thermal
861,sound
862,highly
863,substantially
864,Once
865,capability
866,magnetic
867,carried
868,plural
869,scale
870,motion
871,computational
872,address
873,intelligence
874,relevant
875,tensor
876,employing
877,simultaneously
878,updating
879,Systems
880,feedforward
881,creating
882,actions
883,utterance
884,To
885,Thus
886,As
887,overall
888,infrared
889,quantities
890,beam
891,back-propagation
892,directed
893,digitized
894,selects
895,Also
896,fuel
897,before
898,gradient
899,positive
900,concentration
901,functional
902,probabilities
903,adjust
904,Then
905,displayed
906,existing
907,switch
908,many
909,transmitting
910,extract
911,adjustment
912,no
913,random
914,inverse
915,term
916,detects
917,taken
918,net
919,depending
920,maps
921,risk
922,status
923,molecular
924,regression
925,history
926,chip
927,selectively
928,cause
929,programmed
930,changed
931,manufacturing
932,was
933,operable
934,seismic
935,sources
936,transistor
937,simple
938,sequentially
939,depth
940,equal
941,segmented
942,item
943,drilling
944,axon
945,dynamically
946,tasks
947,evaluated
948,segmentation
949,resolution
950,Embodiments
951,wireless
952,user's
953,property
954,circuitry
955,programmable
956,Additionally
957,switching
958,thereto
959,contained
960,way
961,blocks
962,list
963,less
964,paths
965,novel
966,procedure
967,differences
968,generally
969,combining
970,does
971,run
972,changing
973,natural
974,continuous
975,format
976,Such
977,there
978,users
979,items
980,reduction
981,picture
982,amplitude
983,quantization
984,channels
985,Further
986,developed
987,tracking
988,filters
989,records
990,separate
991,enable
992,significant
993,involves
994,expected
995,mathematical
996,enables
997,teaching
998,intensity
999,support
1000,areas
1001,receiver
1002,acquired
1003,achieve
1004,specified
1005,like
1006,predictions
1007,next
1008,treatment
1009,summation
1010,designed
1011,management
1012,connecting
1013,loss
1014,programming
1015,robust
1016,best
1017,account
1018,zero
1019,sampled
1020,attribute
1021,sensed
1022,acquisition
1023,increase
1024,end
1025,targets
1026,recorded
1027,adjacent
1028,aircraft
1029,above
1030,coordinate
1031,them
1032,diagnosis
1033,defining
1034,divided
1035,highest
1036,uncertainty
1037,graphical
1038,view
1039,profile
1040,summing
1041,every
1042,successive
1043,past
1044,NN
1045,whereby
1046,equation
1047,adder
1048,self-organizing
1049,applies
1050,terminal
1051,tree
1052,reducing
1053,sleep
1054,buffer
1055,virtual
1056,robot
1057,velocity
1058,.e
1059,interval
1060,develop
1061,recording
1062,criterion
1063,1
1064,executing
1065,define
1066,message
1067,compressed
1068,coordinates
1069,defect
1070,building
1071,sensitive
1072,greater
1073,turn
1074,approximate
1075,modification
1076,clustered
1077,paint
1078,transducer
1079,repeated
1080,make
1081,characterizing
1082,boundary
1083,transforming
1084,recognizer
1085,firing
1086,sensitivity
1087,simulation
1088,incoming
1089,alarm
1090,phonemes
1091,turbine
1092,label
1093,against
1094,update
1095,parts
1096,forms
1097,across
1098,adaptation
1099,separation
1100,predicts
1101,fully
1102,side
1103,implement
1104,frequencies
1105,composed
1106,contain
1107,CNN
1108,retrieved
1109,liquid
1110,microcalcifications
1111,modulator
1112,two-dimensional
1113,sent
1114,minimize
1115,effects
1116,makes
1117,feed-forward
1118,transistors
1119,accumulated
1120,learns
1121,perceptron
1122,consisting
1123,blood
1124,multi-layer
1125,optimize
1126,estimator
1127,segments
1128,simulated
1129,library
1130,weld
1131,includes:
1132,remaining
1133,direct
1134,development
1135,proposed
1136,customer
1137,corrected
1138,therein
1139,even
1140,enhanced
1141,Apparatus
1142,probabilistic
1143,intervals
1144,numbers
1145,iteratively
1146,reading
1147,verification
1148,permits
1149,disease
1150,metric
1151,arithmetic
1152,laser
1153,trainable
1154,principal
1155,approximation
1156,conjunction
1157,execution
1158,interference
1159,call
1160,unique
1161,modeled
1162,curve
1163,chemical
1164,.sup
1165,extracts
1166,comparator
1167,connectivity
1168,absolute
1169,According
1170,compression
1171,switches
1172,displaying
1173,stimulation
1174,Using
1175,port
1176,(ii)
1177,multi-dimensional
1178,residual
1179,filtered
1180,negative
1181,bias
1182,agent
1183,responses
1184,post-synaptic
1185,added
1186,variation
1187,identifies
1188,causing
1189,symbols
1190,supply
1191,decoding
1192,enhance
1193,(i)
1194,prototype
1195,settings
1196,register
1197,Based
1198,supplying
1199,bone
1200,reliability
1201,thresholding
1202,cases
1203,teacher
1204,distortion
1205,becomes
1206,indication
1207,hierarchical
1208,outputted
1209,log
1210,need
1211,patches
1212,instruction
1213,predictor
1214,terminals
1215,manipulated
1216,interconnecting
1217,near
1218,i
1219,optimizing
1220,due
1221,emission
1222,itself
1223,on-line
1224,disposed
1225,compute
1226,exhaust
1227,substrate
1228,texture
1229,classifies
1230,analyze
1231,computations
1232,coding
1233,command
1234,arrays
1235,symbol
1236,placed
1237,stimulus
1238,alternative
1239,transition
1240,string
1241,eye
1242,trains
1243,population
1244,arbitrary
1245,observed
1246,probe
1247,dynamics
1248,sense
1249,adaptively
1250,they
1251,ability
1252,.i
1253,good
1254,multilayer
1255,mapped
1256,disk
1257,pulses
1258,larger
1259,remote
1260,magnitude
1261,limited
1262,contact
1263,increasing
1264,biological
1265,version
1266,radio
1267,scanning
1268,convolution
1269,predefined
1270,dendrite
1271,applicable
1272,radar
1273,fast
1274,central
1275,online
1276,able
1277,materials
1278,acceleration
1279,Accordingly
1280,resource
1281,entropy
1282,per
1283,likely
1284,head
1285,(or
1286,instructions
1287,mammogram
1288,tire
1289,compares
1290,comprised
1291,mean
1292,running
1293,Disclosed
1294,plasma
1295,allowing
1296,continuously
1297,varying
1298,Preferably
1299,discrimination
1300,gain
1301,member
1302,aid
1303,axis
1304,numerical
1305,mechanical
1306,encoding
1307,shift
1308,how
1309,torque
1310,trajectories
1311,System
1312,excitation
1313,computer-implemented
1314,security
1315,signatures
1316,improving
1317,communicating
1318,wind
1319,indicate
1320,four
1321,matrices
1322,correcting
1323,entire
1324,established
1325,cancer
1326,positioning
1327,dimensions
1328,allow
1329,edge
1330,pose
1331,modes
1332,monitors
1333,profiles
1334,links
1335,composite
1336,modify
1337,resources
1338,bits
1339,carrying
1340,amplifiers
1341,purpose
1342,diagnosing
1343,complexity
1344,timing
1345,colors
1346,of:
1347,classifiers
1348,leak
1349,&#8220
1350,consists
1351,network-based
1352,orientation
1353,environmental
1354,bandwidth
1355,retrieval
1356,film
1357,outcome
1358,brightness
1359,shell
1360,flight
1361,stage/order
1362,defines
1363,degrees
1364,microphone
1365,variations
1366,input/output
1367,decisions
1368,work
1369,specifically
1370,executes
1371,constant
1372,Data
1373,configurations
1374,injection
1375,Furthermore
1376,driver
1377,would
1378,patients
1379,relate
1380,operated
1381,identity
1382,observation
1383,subsystem
1384,columns
1385,long
1386,disclosure
1387,metadata
1388,accomplished
1389,force
1390,scene
1391,M
1392,self
1393,stages
1394,voltages
1395,band
1396,transforms
1397,adapt
1398,More
1399,strategy
1400,pass
1401,neighboring
1402,found
1403,searching
1404,return
1405,electrically
1406,spatially
1407,rates
1408,utility
1409,complete
1410,capabilities
1411,interaction
1412,screen
1413,wafer
1414,codes
1415,clustering
1416,occurring
1417,link
1418,mask
1419,closest
1420,capacity
1421,calibration
1422,sensory
1423,RNN
1424,suspicious
1425,track
1426,distances
1427,collecting
1428,decomposition
1429,square
1430,relatively
1431,failure
1432,vibrations
1433,distorted
1434,influence
1435,packets
1436,otherwise
1437,very
1438,record
1439,passed
1440,cellular
1441,starting
1442,computes
1443,First
1444,mixture
1445,subjected
1446,waveforms
1447,ground
1448,fashion
1449,inspection
1450,utilize
1451,rows
1452,considered
1453,engines
1454,require
1455,host
1456,metal
1457,needed
1458,randomly
1459,do
1460,initially
1461,vessel
1462,constraints
1463,kernel
1464,preprocessing
1465,systolic
1466,fourth
1467,interconnect
1468,wing
1469,mining
1470,relation
1471,critical
1472,combines
1473,architectures
1474,criteria
1475,radial
1476,preceding
1477,compare
1478,maintaining
1479,advance
1480,ultrasound
1481,positional
1482,multidimensional
1483,sigmoid
1484,embedded
1485,(a)
1486,(b)
1487,directions
1488,computerized
1489,borehole
1490,apply
1491,upper
1492,outside
1493,called
1494,clinical
1495,patch
1496,card
1497,establish
1498,distinct
1499,edges
1500,mass
1501,optimizer
1502,fitness
1503,downhole
1504,odor
1505,trajectory
1506,spoken
1507,electromagnetic
1508,alone
1509,All
1510,delayed
1511,converts
1512,effectively
1513,separately
1514,easily
1515,modulation
1516,therefrom
1517,interconnections
1518,(i
1519,MOS
1520,minimizing
1521,waves
1522,because
1523,logical
1524,heat
1525,decoder
1526,instance
1527,candidates
1528,layered
1529,server
1530,sales
1531,request
1532,routing
1533,agents
1534,fundamental
1535,captured
1536,wavelength
1537,situation
1538,requiring
1539,simulating
1540,convergence
1541,right
1542,improves
1543,reduces
1544,again
1545,pre-synaptic
1546,neuromorphic
1547,mixed
1548,therefore
1549,abnormalities
1550,emitted
1551,constructing
1552,selector
1553,caused
1554,expansion
1555,assessment
1556,rather
1557,equipment
1558,matched
1559,.n
1560,neural-network
1561,activated
1562,cognitive
1563,task
1564,oil
1565,derivative
1566,causes
1567,proximity
1568,cascaded
1569,describing
1570,interpolation
1571,taking
1572,centroid
1573,addresses
1574,deviation
1575,preprocessor
1576,top
1577,usage
1578,adjusts
1579,solving
1580,addressed
1581,Next
1582,peak
1583,road
1584,workload
1585,tuning
1586,capacitor
1587,queries
1588,setpoint
1589,passage
1590,(NN)
1591,dot
1592,indicated
1593,fields
1594,special
1595,adjustable
1596,beams
1597,dimensionality
1598,stochastic
1599,heterogeneous
1600,integrates
1601,cycles
1602,coil
1603,multiplied
1604,indicator
1605,preprocessed
1606,feed
1607,relevance
1608,forecasting
1609,Method
1610,dictionary
1611,file
1612,place
1613,demand
1614,stress
1615,combinations
1616,Input
1617,incident
1618,reconfigurable
1619,client
1620,effective
1621,strengths
1622,done
1623,summed
1624,hand
1625,rotation
1626,exemplary
1627,assembly
1628,scan
1629,biometric
1630,focus
1631,encoder
1632,(c)
1633,pre-processing
1634,simply
1635,free
1636,successively
1637,regarding
1638,raw
1639,impact
1640,finding
1641,structural
1642,linguistic
1643,retrieve
1644,takes
1645,increased
1646,executed
1647,close
1648,build
1649,subscriber
1650,scaling
1651,perception
1652,efficiently
1653,tag
1654,photosensitive
1655,lexicon
1656,pitch
1657,constrained
1658,recursive
1659,secondary
1660,characterize
1661,implementations
1662,belongs
1663,duration
1664,logging
1665,m
1666,B
1667,false
1668,contrast
1669,distinguish
1670,article
1671,communicate
1672,entered
1673,tested
1674,comprises:
1675,vocabulary
1676,Markov
1677,calculations
1678,attention
1679,commands
1680,therapy
1681,illuminant
1682,dividing
1683,bank
1684,box
1685,phonetic
1686,exposure
1687,.ij
1688,competition
1689,chain
1690,question
1691,machining
1692,methodology
1693,reception
1694,microprocessor
1695,fire
1696,shifted
1697,labels
1698,histogram
1699,off
1700,interconnects
1701,seat
1702,occupancy
1703,incorporates
1704,width
1705,vibrational
1706,obtains
1707,describes
1708,individually
1709,Training
1710,linearly
1711,transformations
1712,crystal
1713,There
1714,minimal
1715,PA1
1716,plasticity
1717,zones
1718,air-fuel
1719,multiplication
1720,spectra
1721,exists
1722,screening
1723,reverse
1724,exceeds
1725,patient's
1726,extractor
1727,sheet
1728,projection
1729,finite
1730,retrieving
1731,reinforcement
1732,attached
1733,ordered
1734,yields
1735,.)
1736,valve
1737,requirements
1738,matches
1739,memories
1740,graph
1741,S
1742,site
1743,(iii)
1744,boundaries
1745,platform
1746,rule-based
1747,serial
1748,middle
1749,expressing
1750,convert
1751,cursive
1752,ranking
1753,synthesis
1754,metrics
1755,cascade
1756,CMOS
1757,spot
1758,rolling
1759,spikes
1760,helicopter
1761,noruen
1762,welding
1763,yield
1764,technologies
1765,modifies
1766,backpropagation
1767,modifying
1768,characterization
1769,discriminating
1770,environments
1771,input-output
1772,Described
1773,occurrence
1774,correspondence
1775,Finally
1776,judgment
1777,utilization
1778,written
1779,occurs
1780,multiplying
1781,capture
1782,projected
1783,alternate
1784,sends
1785,compensate
1786,immediately
1787,stations
1788,expression
1789,creation
1790,printed
1791,completed
1792,bounding
1793,better
1794,find
1795,preliminary
1796,stroke
1797,visible
1798,fraud
1799,recommendation
1800,linked
1801,stack
1802,exemplar
1803,static
1804,muscle
1805,assigning
1806,propulsion
1807,goal
1808,dependence
1809,stenosis
1810,.i)
1811,high-speed
1812,valid
1813,handwriting
1814,periodically
1815,modelling
1816,permit
1817,diagnostics
1818,X
1819,acceptable
1820,adding
1821,subsets
1822,room
1823,zone
1824,x-ray
1825,messages
1826,derive
1827,sums
1828,scaled
1829,typically
1830,Hopfield
1831,updates
1832,structured
1833,feeding
1834,sentence
1835,computer-readable
1836,simultaneous
1837,incorporated
1838,pump
1839,enabling
1840,lens
1841,own
1842,presentation
1843,execute
1844,tests
1845,correlated
1846,proper
1847,progress
1848,game
1849,noisy
1850,concept
1851,detectors
1852,whole
1853,manager
1854,reflected
1855,descriptors
1856,actuator
1857,designated
1858,stable
1859,rotor
1860,life
1861,Specifically
1862,occupant
1863,hole
1864,mounted
1865,web
1866,technical
1867,strain
1868,attenuation
1869,iteration
1870,fiber
1871,advantage
1872,associate
1873,Various
1874,sending
1875,increases
1876,ones
1877,chamber
1878,closed
1879,particle
1880,inhibitory
1881,Therefore
1882,converge
1883,wave
1884,solutions
1885,Information
1886,deformation
1887,purposes
1888,transmits
1889,backward
1890,ends
1891,tube
1892,driven
1893,short
1894,disturbance
1895,perturbation
1896,segmenting
1897,integration
1898,contour
1899,keywords
1900,font
1901,deriving
1902,front
1903,contents
1904,languages
1905,identifiers
1906,compensation
1907,enrollment
1908,utterances
1909,wide
1910,delays
1911,interactions
1912,framework
1913,accounts
1914,plate
1915,pilot
1916,board
1917,synthetic
1918,affect
1919,switched
1920,realized
1921,sections
1922,charges
1923,organizing
1924,.2
1925,(
1926,full
1927,machine-learning
1928,axons
1929,ports
1930,trial
1931,oscillator
1932,conductive
1933,whenever
1934,wing-drive
1935,association
1936,thereon
1937,visualization
1938,especially
1939,vehicles
1940,followed
1941,offline
1942,transmitter
1943,With
1944,faster
1945,art
1946,specifies
1947,opposite
1948,composition
1949,thereafter
1950,weather
1951,equations
1952,description
1953,minimized
1954,skin
1955,evaluate
1956,induced
1957,Moreover
1958,vary
1959,expressed
1960,authentication
1961,significantly
1962,grid
1963,repeatedly
1964,identifier
1965,clean
1966,paper
1967,normalizing
1968,specifying
1969,controllers
1970,network)
1971,developing
1972,implements
1973,Artificial
1974,organized
1975,count
1976,vision
1977,autonomous
1978,last
1979,intensities
1980,plane
1981,forecast
1982,facility
1983,baseline
1984,transactions
1985,flame
1986,evolutionary
1987,entering
1988,prototypes
1989,scoring
1990,embedding
1991,instrument
1992,leaf
1993,epoch
1994,crash
1995,(RNN)
1996,repeating
1997,NOx
1998,activations
1999,mouth
2000,market
2001,emitting
2002,binding
2003,stability
2004,robotic
2005,spaced
2006,angles
2007,serially
2008,A/D
2009,prevent
2010,trace
2011,fabrication
2012,self-learning
2013,taught
2014,introduced
2015,scheduler
2016,stimuli
2017,generators
2018,maintenance
2019,eliminated
2020,limit
2021,smooth
2022,W
2023,elevator
2024,variance
2025,multi-level
2026,occur
2027,equivalent
2028,manufacture
2029,multipliers
2030,compressing
2031,interactive
2032,removed
2033,shared
2034,(DNN)
2035,impedance
2036,damage
2037,Parameters
2038,open
2039,persons
2040,successful
2041,neutron
2042,suited
2043,vertical
2044,entity
2045,neuron-like
2046,members
2047,boiler
2048,fusion
2049,0
2050,assign
2051,evaluates
2052,comprising:
2053,solve
2054,assess
2055,behavioral
2056,windows
2057,controllable
2058,(the
2059,built
2060,combine
2061,cylinder
2062,10
2063,acid
2064,earth
2065,horizontal
2066,quantitative
2067,GPS
2068,labeled
2069,faults
2070,sequential
2071,probable
2072,sub-image
2073,facilitate
2074,iterative
2075,inhibitors
2076,O
2077,hydrocarbon
2078,defects
2079,cleanliness
2080,airspeed
2081,independently
2082,optically
2083,presenting
2084,optimally
2085,acquiring
2086,emissions
2087,sufficient
2088,universal
2089,off-line
2090,towards
2091,show
2092,requests
2093,decrease
2094,Fuzzy
2095,relations
2096,partially
2097,resultant
2098,diagonal
2099,flexible
2100,requires
2101,definition
2102,numeric
2103,enhancement
2104,Kohonen
2105,waveguide
2106,associating
2107,constituted
2108,rank
2109,typical
2110,Feature
2111,templates
2112,viewing
2113,carry
2114,Bayesian
2115,bad
2116,already
2117,financial
2118,Some
2119,Other
2120,Because
2121,construct
2122,aspects
2123,illumination
2124,statistics
2125,(CNN)
2126,hierarchy
2127,sparse
2128,characterizes
2129,move
2130,RF
2131,balance
2132,branch
2133,consideration
2134,should
2135,optionally
2136,ultrasonic
2137,experienced
2138,personal
2139,compact
2140,offset
2141,eyes
2142,dual
2143,experience
2144,geometric
2145,formula
2146,Since
2147,saturation
2148,markers
2149,discloses
2150,referred
2151,surfaces
2152,transfers
2153,travel
2154,translation
2155,invariant
2156,pooling
2157,conductance
2158,signaling
2159,PIO
2160,Additional
2161,transducers
2162,positioned
2163,correctly
2164,hearing
2165,reactor
2166,satisfied
2167,delivery
2168,left
2169,pre-processed
2170,bounded
2171,equalization
2172,lists
2173,modulated
2174,drain
2175,geographical
2176,limits
2177,occurred
2178,reaching
2179,down
2180,temperatures
2181,reads
2182,properly
2183,identical
2184,analytic
2185,validity
2186,abnormality
2187,adapting
2188,constituting
2189,intended
2190,Y
2191,competitive
2192,sufficiently
2193,suspension
2194,scheduling
2195,Alternatively
2196,computer-based
2197,CPU
2198,Upon
2199,around
2200,cross
2201,chosen
2202,simpler
2203,heater
2204,subsequently
2205,strings
2206,addressable
2207,passing
2208,interpretation
2209,thresholded
2210,below
2211,querying
2212,avoid
2213,theory
2214,C
2215,selective
2216,displays
2217,loading
2218,severity
2219,visually
2220,initialized
2221,therewith
2222,intrusion
2223,K
2224,wellbore
2225,ranges
2226,T
2227,multi-layered
2228,Gaussian
2229,priority
2230,precision
2231,localization
2232,what
2233,Image
2234,simulate
2235,effort
2236,movements
2237,gamma
2238,rapidly
2239,coded
2240,observations
2241,associations
2242,employ
2243,converged
2244,foreground
2245,cable
2246,effectiveness
2247,particles
2248,pronunciation
2249,bottom-up
2250,angular
2251,multiplicity
2252,must
2253,eliminate
2254,repetitive
2255,inner
2256,induction
2257,entries
2258,adjustments
2259,sign
2260,augmented
2261,gases
2262,involving
2263,toward
2264,numerous
2265,remove
2266,anomaly
2267,assessing
2268,completely
2269,Thereafter
2270,transmit
2271,reset
2272,gap
2273,advantages
2274,nuclear
2275,reproduced
2276,adaptable
2277,entities
2278,p
2279,customers
2280,silicon
2281,subnetwork
2282,approximately
2283,designing
2284,calls
2285,arrival
2286,V
2287,neutral
2288,nodule
2289,quickly
2290,thresholds
2291,belonging
2292,observer
2293,needs
2294,breast
2295,(such
2296,artifacts
2297,genes
2298,diagnose
2299,fraudulent
2300,rotating
2301,topology
2302,nodules
2303,atoms
2304,decreasing
2305,dedicated
2306,cropped
2307,split
2308,facial
2309,copy
2310,amounts
2311,print
2312,solved
2313,prescribed
2314,indices
2315,transferred
2316,simulator
2317,classifications
2318,recognizes
2319,computers
2320,Learning
2321,telephone
2322,appearance
2323,locally
2324,modular
2325,spreadsheet
2326,fingerprint
2327,hard
2328,corrective
2329,potentially
2330,matter
2331,individuals
2332,high-level
2333,discriminate
2334,tank
2335,neurological
2336,preprocess
2337,responds
2338,passes
2339,arc
2340,root
2341,age
2342,deterministic
2343,extended
2344,schedule
2345,start
2346,interferometer
2347,autonomously
2348,propagated
2349,preselected
2350,car
2351,speakers
2352,establishing
2353,resistor
2354,polarity
2355,since
2356,2
2357,accumulation
2358,checking
2359,who
2360,interpret
2361,orthogonal
2362,construction
2363,tactile
2364,reflecting
2365,y
2366,oscillation
2367,a)
2368,approximated
2369,experimental
2370,multi-scale
2371,crossbar
2372,throttle
2373,brake
2374,subnetworks
2375,failures
2376,preventing
2377,passive
2378,generalization
2379,inlet
2380,From
2381,chest
2382,merged
2383,periodic
2384,phases
2385,true
2386,resistors
2387,HMM
2388,promotion
2389,realizing
2390,locate
2391,subsystems
2392,discovery
2393,wells
2394,master
2395,others
2396,chaotic
2397,analyte
2398,closely
2399,completion
2400,3D
2401,kernels
2402,(d)
2403,printer
2404,communicates
2405,analytical
2406,morphology
2407,retraining
2408,difficult
2409,tools
2410,nature
2411,meaning
2412,cache
2413,RPU
2414,daisy
2415,complementary
2416,rating
2417,operators
2418,disorders
2419,excited
2420,projecting
2421,indirect
2422,gates
2423,realize
2424,shown
2425,removing
2426,Parzen
2427,pipeline
2428,refined
2429,stationary
2430,plates
2431,gesture
2432,keyword
2433,interfacing
2434,vigilance
2435,varied
2436,graphic
2437,multivariate
2438,tables
2439,traditional
2440,guidance
2441,calculator
2442,crankshaft
2443,sootblower
2444,welder
2445,neuroprocessing
2446,accumulations
2447,yet
2448,exchange
2449,mutually
2450,broad
2451,generalized
2452,supplies
2453,handwritten
2454,transcription
2455,symmetric
2456,averaged
2457,shot
2458,decreases
2459,recovery
2460,separating
2461,floating-gate
2462,discharge
2463,musical
2464,iterations
2465,compressor
2466,compensating
2467,preset
2468,advantageously
2469,conditioning
2470,scanned
2471,threat
2472,readily
2473,P
2474,scans
2475,Provided
2476,removal
2477,respond
2478,biases
2479,correlating
2480,photo
2481,drug
2482,industrial
2483,blocking
2484,converters
2485,unnecessary
2486,serve
2487,resistive
2488,serves
2489,3
2490,Two
2491,arousal
2492,kind
2493,early
2494,reasoning
2495,initialization
2496,ideal
2497,dynamical
2498,currents
2499,Both
2500,retina
2501,moved
2502,photographic
2503,synthesizing
2504,indicators
2505,potentials
2506,steam
2507,Internet
2508,pruning
2509,recognizers
2510,wake
2511,reach
2512,differentiation
2513,note
2514,scanner
2515,lung
2516,radiographic
2517,regular
2518,constraint
2519,nearest
2520,k
2521,searched
2522,time-series
2523,conditional
2524,modulating
2525,operatively
2526,periods
2527,bin
2528,writing
2529,dataset
2530,distinguishes
2531,extent
2532,concentrations
2533,constructs
2534,decay
2535,lateral
2536,neurotrophic
2537,hormones
2538,electronically
2539,exercise
2540,polynomial
2541,lead
2542,normalization
2543,recursively
2544,importance
2545,reliable
2546,aperture
2547,nerve
2548,accepted
2549,detections
2550,integrity
2551,lowest
2552,inserted
2553,multi-value
2554,explicit
2555,Nm
2556,servomechanism
2557,",j"
2558,articles
2559,masks
2560,examined
2561,oxygen
2562,evaluations
2563,populations
2564,top-down
2565,subunit
2566,luminance
2567,quantitatively
2568,absorption
2569,in-situ
2570,braking
2571,addressing
2572,aggregate
2573,improvement
2574,actually
2575,growth
2576,rapid
2577,allocation
2578,much
2579,proportional
2580,faulty
2581,(X
2582,air/fuel
2583,pseudo
2584,VLSI
2585,sigmoidal
2586,.T
2587,scalar
2588,versus
2589,enclosure
2590,categorized
2591,preference
2592,developer
2593,symbolic
2594,default
2595,Analysis
2596,trees
2597,post
2598,DCT
2599,automotive
2600,ECG
2601,wall
2602,reward
2603,.j
2604,b)
2605,temporary
2606,distributions
2607,decomposed
2608,non-invasive
2609,printing
2610,histograms
2611,largest
2612,computer-aided
2613,correlations
2614,Software
2615,underlying
2616,ANNs
2617,questions
2618,describe
2619,clock
2620,concurrently
2621,Boolean
2622,destination
2623,holding
2624,reported
2625,nodal
2626,absence
2627,heating
2628,instantaneous
2629,overlap
2630,transaction
2631,expressions
2632,navigation
2633,entry
2634,leakage
2635,predicate
2636,prosthesis
2637,EEG
2638,shoe
2639,sizes
2640,chips
2641,mail
2642,division
2643,reaction
2644,decreased
2645,missile
2646,bases
2647,synthesized
2648,consumed
2649,warning
2650,falls
2651,decoded
2652,calibrated
2653,Output
2654,streams
2655,gaze
2656,subjecting
2657,empirical
2658,services
2659,fabric
2660,photoconductive
2661,fibers
2662,could
2663,ensemble
2664,loudspeaker
2665,loops
2666,simplified
2667,residuals
2668,receptor
2669,multiplexed
2670,letter
2671,exceeding
2672,activating
2673,stimulable
2674,phosphor
2675,joints
2676,4
2677,pointers
2678,extensive
2679,.DELTA
2680,safety
2681,polymer
2682,motorized
2683,multilingual
2684,(Z
2685,coin
2686,REM
2687,states:
2688,accumulator
2689,spectrometer
2690,slope
2691,slow
2692,actuators
2693,phrase
2694,handle
2695,delta
2696,.mu
2697,domains
2698,cannot
2699,conductivity
2700,facilitates
2701,non-linearly
2702,x
2703,n-dimensional
2704,optional
2705,validation
2706,moves
2707,repository
2708,MPPs
2709,amplified
2710,sorting
2711,rhythm
2712,precisely
2713,instant
2714,computationally
2715,additionally
2716,released
2717,glucose
2718,pieces
2719,important
2720,carries
2721,apparatuses
2722,Features
2723,j
2724,".1,"
2725,satisfy
2726,statistically
2727,loads
2728,sonar
2729,auto-associative
2730,recall
2731,standoff
2732,accordingly
2733,transformer
2734,oilfield
2735,disorder
2736,corrupted
2737,major
2738,robustness
2739,geographic
2740,intervention
2741,gray
2742,heuristic
2743,Expert
2744,managing
2745,slip
2746,living
2747,maximizing
2748,presents
2749,Z
2750,binarized
2751,rejected
2752,embodied
2753,prepared
2754,winding
2755,elementary
2756,resonance
2757,license
2758,lookup
2759,16
2760,run-time
2761,comparators
2762,arriving
2763,protocol
2764,compositions
2765,connect
2766,collects
2767,steps:
2768,fifth
2769,accelerator
2770,functioning
2771,look-up
2772,surgery
2773,inferring
2774,aforementioned
2775,stacked
2776,reached
2777,economic
2778,substance
2779,cerebral
2780,friction
2781,concepts
2782,separable
2783,read-out
2784,quantizer
2785,posterior
2786,establishes
2787,consumption
2788,pressures
2789,specification
2790,electrochemical
2791,thickness
2792,logs
2793,depicted
2794,seed
2795,nucleic
2796,descriptor
2797,guide
2798,individual's
2799,inventive
2800,equipped
2801,surrounding
2802,time-frequency
2803,Semantic
2804,inflation
2805,antenna
2806,L
2807,multivariable
2808,savings
2809,unacceptable
2810,effected
2811,solder
2812,header
2813,spraying
2814,prostate
2815,rotational
2816,survivability
2817,leads
2818,ray
2819,Level
2820,prompted
2821,portable
2822,take
2823,later
2824,longer
2825,parameterized
2826,concerning
2827,holographic
2828,discrete-time
2829,excitatory
2830,acts
2831,.eta
2832,hall
2833,injected
2834,inverter
2835,regime
2836,artificially
2837,exceed
2838,alertness
2839,harmonic
2840,ventricular
2841,gradients
2842,fitting
2843,giving
2844,pyramid
2845,IC
2846,Process
2847,transparent
2848,acquires
2849,humidity
2850,.1
2851,arrangements
2852,moment
2853,microcoils
2854,crossed
2855,analog-to-digital
2856,lifetime
2857,multiplexer
2858,colorimetric
2859,energization
2860,course
2861,scalable
2862,debt
2863,piece
2864,fewer
2865,fit
2866,share
2867,outlet
2868,responding
2869,inclusion
2870,ending
2871,species
2872,reports
2873,assignment
2874,correlates
2875,lexical
2876,alignment
2877,compounds
2878,fingerprints
2879,expanded
2880,recent
2881,purchases
2882,inventory
2883,one-dimensional
2884,integral
2885,denotes
2886,correlate
2887,registers
2888,cutting
2889,bottom
2890,localized
2891,business
2892,satisfaction
2893,throughout
2894,eliminating
2895,greatest
2896,Fast
2897,initiated
2898,clothes
2899,instances
2900,generic
2901,(f)
2902,laboratory
2903,registered
2904,14
2905,Subsequently
2906,detailed
2907,substantial
2908,requested
2909,benign
2910,non-terminal
2911,subspace
2912,STDP
2913,insulator
2914,exponential
2915,communicated
2916,topography
2917,contribution
2918,couple
2919,pre-trained
2920,FPGA
2921,instead
2922,datasets
2923,calling
2924,discriminator
2925,parametric
2926,spaces
2927,mechanisms
2928,linkage
2929,configurable
2930,still
2931,implantable
2932,flows
2933,)
2934,overheating
2935,situations
2936,namely
2937,transported
2938,smoothing
2939,details
2940,aligned
2941,proposal
2942,envelope
2943,setup
2944,volumes
2945,once
2946,integer
2947,outgoing
2948,inferred
2949,neuronic
2950,trouble
2951,tags
2952,spectroscopy
2953,placement
2954,irradiation
2955,feeds
2956,surgeon's
2957,rig
2958,observers
2959,neighborhood
2960,marker
2961,wiring
2962,precomputed
2963,malicious
2964,voicing
2965,graphemes
2966,Hammerstein
2967,auto-associator
2968,motif
2969,propulsive
2970,n-bit
2971,pathways
2972,nanowhiskers
2973,resource-constrained
2974,railway
2975,digraph
2976,assigns
2977,extension
2978,bands
2979,derives
2980,alert
2981,limiting
2982,multilevel
2983,apart
2984,equals
2985,paradigm
2986,combiner
2987,corrects
2988,achieving
2989,mutual
2990,maintains
2991,year
2992,tracks
2993,conditioned
2994,"3,"
2995,That
2996,auxiliary
2997,allowed
2998,charged
2999,.times
3000,uniform
3001,partitioned
3002,meet
3003,pollutant
3004,On
3005,locating
3006,mental
3007,counter
3008,electrogram
3009,creates
3010,alter
3011,captures
3012,specimen
3013,flowing
3014,possibility
3015,deformable
3016,partition
3017,functionality
3018,##EQU1##
3019,varies
3020,cosine
3021,ranked
3022,Images
3023,designs
3024,porosity
3025,deliver
3026,separated
3027,geometrical
3028,wear
3029,marking
3030,machines
3031,MOSFET
3032,music
3033,respiratory
3034,minima
3035,reconstruction
3036,occurrences
3037,modulators
3038,day
3039,possibly
3040,asset
3041,OR
3042,discriminant
3043,claims
3044,manually
3045,letters
3046,counts
3047,biopsy
3048,phone
3049,conducted
3050,release
3051,null
3052,certainty
3053,easy
3054,registration
3055,echo
3056,complicated
3057,geospatial
3058,playing
3059,might
3060,large-scale
3061,pertaining
3062,compensates
3063,charging
3064,assistance
3065,engaged
3066,sub-band
3067,observing
3068,incorporating
3069,milling
3070,ink
3071,initializing
3072,reaches
3073,were
3074,w
3075,maintained
3076,steering
3077,evolving
3078,remotely
3079,vibratory
3080,quantized
3081,tile
3082,allocated
3083,grouped
3084,showing
3085,cumulative
3086,success
3087,discriminative
3088,permanent
3089,reconstructed
3090,SOM
3091,Techniques
3092,availability
3093,opening
3094,procedures
3095,hypothesis
3096,accomplishes
3097,protection
3098,introducing
3099,rays
3100,pore
3101,phrases
3102,arterial
3103,spread
3104,heartbeat
3105,organization
3106,treated
3107,report
3108,light-emitting
3109,molding
3110,masked
3111,.k
3112,membrane
3113,grown
3114,3-D
3115,sector
3116,percentage
3117,STM
3118,capacitors
3119,bore
3120,rock
3121,PID
3122,nose
3123,logistic
3124,non-uniform
3125,extreme
3126,website
3127,credit
3128,including:
3129,.R
3130,far
3131,grids
3132,refrigerant
3133,encrypted
3134,y(t)
3135,scrolling
3136,enhances
3137,modulates
3138,scattering
3139,involved
3140,surveillance
3141,yaw
3142,anticipated
3143,comparisons
3144,held
3145,fact
3146,densities
3147,Another
3148,activate
3149,hemodynamic
3150,implanted
3151,extending
3152,bidirectional
3153,break
3154,retrained
3155,scales
3156,dielectric
3157,mappings
3158,system's
3159,inherent
3160,capacitance
3161,aerodynamic
3162,treating
3163,1)
3164,transient
3165,exhibits
3166,slice
3167,u
3168,indications
3169,non-neural
3170,psychological
3171,fluctuation
3172,interpolated
3173,categorizing
3174,eliminates
3175,consistent
3176,collision
3177,magnitudes
3178,priori
3179,pathological
3180,morphological
3181,commonly
3182,satisfactory
3183,bottleneck
3184,manual
3185,Herein
3186,SNAP's
3187,his
3188,affected
3189,readable
3190,routine
3191,delivering
3192,.n)
3193,owner's
3194,name
3195,accessing
3196,stops
3197,avoided
3198,wafer-centric
3199,offer
3200,usability
3201,usefully
3202,vendors
3203,facilitating
3204,desirable
3205,write
3206,emotional
3207,encodes
3208,balancing
3209,answers
3210,excellent
3211,protein
3212,interpreter
3213,Processing
3214,pressurized
3215,drives
3216,legal
3217,reflect
3218,Classification
3219,gives
3220,Logic
3221,pathology
3222,illustrative
3223,reflectance
3224,clutch
3225,sentiment
3226,successfully
3227,succession
3228,hold
3229,concerns
3230,resonator
3231,subtractor
3232,swing
3233,naturally
3234,gravity
3235,latter
3236,pool
3237,RAM
3238,maximize
3239,holder
3240,vital
3241,demonstrated
3242,discussed
3243,.alpha
3244,I
3245,c)
3246,fracture
3247,geometry
3248,CCD
3249,analytes
3250,search/sort
3251,memorized
3252,Transform
3253,handling
3254,electrofacies
3255,coverage
3256,sought
3257,multilayered
3258,gamut
3259,12
3260,triggering
3261,misfire
3262,lesions
3263,primarily
3264,implicit
3265,Different
3266,defective
3267,retrieves
3268,behaviors
3269,accessible
3270,textual
3271,artery
3272,shifting
3273,exclusive
3274,inverters
3275,Hamming
3276,danger
3277,returned
3278,sub-network
3279,inside
3280,survey
3281,anomalous
3282,contextual
3283,diode
3284,compensated
3285,returns
3286,imagery
3287,ring
3288,non-volatile
3289,bound
3290,Deep
3291,accepts
3292,codebook
3293,bins
3294,squares
3295,multimedia
3296,flow-through
3297,recommendations
3298,tubing
3299,quantifying
3300,classical
3301,trigger
3302,strip
3303,curation
3304,atomic
3305,pre-defined
3306,photoelectric
3307,percentile
3308,piston
3309,rail
3310,influencing
3311,help
3312,aggregating
3313,coarse
3314,Thresholding
3315,impulse
3316,fusing
3317,routes
3318,2.sup
3319,ratios
3320,I/O
3321,films
3322,folded
3323,11
3324,layout
3325,Multiple
3326,fill
3327,insulating
3328,unlabeled
3329,sequencing
3330,fetch
3331,resulted
3332,route
3333,illuminated
3334,roadway
3335,exception
3336,inhibit
3337,regulated
3338,gait
3339,voiceprint
3340,quantum
3341,airflow
3342,variability
3343,motor's
3344,aggregation
3345,steady-state
3346,student
3347,annotated
3348,8
3349,progenitor
3350,aromatic
3351,justification
3352,DP
3353,person's
3354,rainfall
3355,EGM
3356,reticle
3357,muzzle
3358,inhibition
3359,scattered
3360,simulations
3361,undesired
3362,30
3363,depends
3364,singular
3365,amplitudes
3366,etch
3367,cancellation
3368,safe
3369,atrial
3370,curvature
3371,maintain
3372,centers
3373,momentum
3374,Signal
3375,succeeding
3376,sides
3377,evolution
3378,regard
3379,ultimately
3380,sharing
3381,introduces
3382,greatly
3383,forced
3384,performances
3385,stop
3386,dummy
3387,pre-determined
3388,.N
3389,interposed
3390,relational
3391,statements
3392,interior
3393,reproducing
3394,immediate
3395,second-order
3396,suspected
3397,menu
3398,cloud
3399,reflection
3400,Array
3401,reducer
3402,bitstream
3403,reproduction
3404,deformed
3405,time-varying
3406,disposition
3407,hyperdocument
3408,stimulating
3409,nonlinearity
3410,cooking
3411,password
3412,checked
3413,just
3414,wires
3415,belong
3416,study
3417,harmful
3418,reader
3419,pulp
3420,waste
3421,treat
3422,substituted
3423,act
3424,we
3425,extremely
3426,network's
3427,covariance
3428,compartment
3429,diverse
3430,olfactory
3431,neuro
3432,sounds
3433,descriptions
3434,nets
3435,unwanted
3436,finally
3437,develops
3438,approaches
3439,appliance
3440,gathered
3441,compound
3442,descriptive
3443,incremental
3444,fluorescence
3445,short-term
3446,tuned
3447,non-linearity
3448,bridge
3449,backlash
3450,plus
3451,law
3452,trends
3453,authenticity
3454,100
3455,DNA
3456,imaged
3457,bodies
3458,authorized
3459,focal
3460,specifications
3461,acting
3462,multiplexing
3463,boxes
3464,enter
3465,player
3466,keyboard
3467,real-world
3468,massive
3469,precise
3470,digit
3471,winning
3472,branches
3473,beyond
3474,wavelengths
3475,dryer
3476,(e)
3477,(a
3478,radical
3479,encode
3480,malignant
3481,co-processor
3482,gating
3483,dialog
3484,enhancing
3485,s
3486,formations
3487,neurosynaptic
3488,contamination
3489,corpus
3490,submitted
3491,television
3492,satisfies
3493,trend
3494,U
3495,long-term
3496,squashing
3497,suspect
3498,currently
3499,subnet
3500,ready
3501,appropriately
3502,limiter
3503,Only
3504,digitally
3505,alternately
3506,issued
3507,beginning
3508,joining
3509,corner
3510,stand
3511,comprehensive
3512,corrections
3513,viewer
3514,supporting
3515,involve
3516,playback
3517,crowd
3518,conversation
3519,Alzheimer
3520,parkinsonism
3521,cooling
3522,pretrained
3523,fused
3524,equilibrium
3525,avoiding
3526,accomplish
3527,growing
3528,frequently
3529,Time
3530,conducting
3531,speaker-specific
3532,event-driven
3533,contributions
3534,cues
3535,merging
3536,determiner
3537,Difference
3538,Gaussians
3539,sloping
3540,dual-local
3541,computer-optimized
3542,radiologist's
3543,radiologist
3544,analytics
3545,curves
3546,hotsound
3547,receptive
3548,cursor
3549,chunks
3550,vascular
3551,volumetric
3552,Weights
3553,non-transitory
3554,IF
3555,centered
3556,installation
3557,FNN
3558,dumb
3559,RBF
3560,intermarket
3561,temporally
3562,ion
3563,N-bit
3564,integrating
3565,literal
3566,bearing
3567,datapath
3568,blade
3569,subtracted
3570,somatic
3571,understanding
3572,perceptual
3573,fractal
3574,acoustical
3575,aim
3576,modality
3577,token
3578,closer
3579,cooperative
3580,summary
3581,pyrolysis
3582,carbon
3583,weightings
3584,consolidated
3585,unbalance
3586,fin
3587,lattice
3588,deviate
3589,emulate
3590,nest
3591,layer(s)
3592,neurofilter
3593,clothing
3594,Self-Organizing
3595,agglutination
3596,offspring
3597,attitude
3598,applicant
3599,Neuron
3600,pairing
3601,traveling
3602,array-detector
3603,scattered-field
3604,essentially
3605,motions
3606,sea
3607,accelerating
3608,iterated
3609,PCA
3610,divides
3611,Hebbian
3612,Results
3613,While
3614,end-point
3615,phenomena
3616,algorithmic
3617,regulating
3618,externally
3619,traces
3620,constituent
3621,selectable
3622,photodetector
3623,blind
3624,laws
3625,practical
3626,public
3627,broadcast
3628,-W
3629,.i-1)
3630,crosstalk
3631,fixing
3632,Dr
3633,air-conditioning
3634,Pa
3635,in-cylinder
3636,therebetween
3637,Where
3638,senses
3639,tunnel
3640,bi-directional
3641,oligomers
3642,"2,"
3643,date
3644,proportion
3645,directing
3646,MPP
3647,approximating
3648,examination
3649,editing
3650,appear
3651,multiplications
3652,scalability
3653,No
3654,approximates
3655,working
3656,throughput
3657,shapes
3658,mix
3659,industry
3660,focused
3661,depression
3662,except
3663,.1)
3664,hypothetical
3665,interrupted
3666,deciding
3667,electronics
3668,recover
3669,brainwaves
3670,traversing
3671,subsurface
3672,pulsed
3673,gear
3674,interfaces
3675,superior
3676,complement
3677,conductors
3678,dependencies
3679,anomalies
3680,become
3681,cortical
3682,normally
3683,parallelization
3684,descent
3685,accessed
3686,repair
3687,systematic
3688,slices
3689,multi-stage
3690,disturbances
3691,remain
3692,analyses
3693,distinguishing
3694,synchronization
3695,asynchronous
3696,perturbations
3697,presently
3698,Several
3699,strong
3700,PU
3701,vapor
3702,exposing
3703,transferring
3704,Aspects
3705,finds
3706,marked
3707,AND
3708,minimizes
3709,operative
3710,degradation
3711,conclusion
3712,neighbor
3713,measurable
3714,physically
3715,infer
3716,plan
3717,linking
3718,supervisor
3719,illuminance
3720,reactors
3721,bipolar
3722,inversion
3723,inverting
3724,layers:
3725,Digital
3726,claimed
3727,indicia
3728,five
3729,cortex
3730,synchronous
3731,accept
3732,(t)
3733,1.
3734,latch
3735,directory
3736,narrow
3737,Following
3738,tolerance
3739,assist
3740,faces
3741,requirement
3742,CMYK
3743,informations
3744,runtime
3745,revised
3746,subject's
3747,(iv)
3748,sub-regions
3749,sorted
3750,nominal
3751,thin
3752,concurrent
3753,carrier
3754,translating
3755,searches
3756,derivatives
3757,holograms
3758,replace
3759,dissolved
3760,regulator
3761,activities
3762,winner-take-all
3763,reliably
3764,door
3765,phenomenon
3766,Generally
3767,amplifying
3768,roughness
3769,accelerate
3770,concerned
3771,ALS
3772,follows
3773,(E)
3774,moments
3775,rotated
3776,radius
3777,initiating
3778,avoids
3779,diffusion
3780,latent
3781,specialized
3782,downstream
3783,Genetic
3784,deployment
3785,landing
3786,recommended
3787,speeds
3788,relevancy
3789,centroids
3790,diversity
3791,relaxation
3792,apparent
3793,flat
3794,Through
3795,rear
3796,copying
3797,databases
3798,on-time
3799,timestamps
3800,plastic
3801,whereas
3802,partitioning
3803,commodity
3804,come
3805,shares
3806,multivalued
3807,inductive
3808,inductor
3809,intangible
3810,give
3811,people
3812,neuro-fuzzy
3813,hierarchically
3814,instruments
3815,isolate
3816,similarities
3817,ignition
3818,Monte
3819,Carlo
3820,converges
3821,sequencer
3822,jointly
3823,prototypical
3824,quantizers
3825,translated
3826,physics-based
3827,acceptability
3828,audibly
3829,electroencephalogram
3830,wedge
3831,observable
3832,D
3833,modelled
3834,anatomical
3835,Networks
3836,interstitial
3837,originating
3838,user-defined
3839,sootblowers
3840,deviations
3841,spots
3842,acquire
3843,intracranial
3844,engineering
3845,5
3846,PWM
3847,solar
3848,organic
3849,filling
3850,discriminated
3851,facies
3852,conveys
3853,trip
3854,.m)
3855,consistency
3856,chromaticity
3857,ID
3858,(V
3859,multi-kernel
3860,catalytic
3861,nanowhisker
3862,truth
3863,Mueller
3864,healing
3865,ad
3866,hoc
3867,SLM
3868,nonadaptive
3869,noncanonical
3870,weapon
3871,(N
3872,mood
3873,inflow
3874,trending
3875,condenser
3876,contact-type
3877,endocardial
3878,atom
3879,NET
3880,Aggregate
3881,superconducting
3882,inter-nodal
3883,story
3884,delineation
3885,poselets
3886,trailer
3887,acyclic
3888,VNN
3889,solves
3890,model-based
3891,coherent
3892,Target
3893,roll
3894,(PCA)
3895,PC
3896,principle
3897,capturing
3898,AVC
3899,binaural
3900,synchronized
3901,wafers
3902,exposed
3903,specify
3904,strategies
3905,Interference
3906,Boltzmann
3907,schemes
3908,objectives
3909,However
3910,however
3911,restoration
3912,nanoparticles
3913,topological
3914,robotics
3915,mixtures
3916,adopts
3917,continuous-time
3918,receivers
3919,too
3920,constants
3921,DC
3922,.*(X
3923,scenarios
3924,isolated
3925,microphones
3926,choosing
3927,undergoes
3928,compensatory
3929,continue
3930,m-dimensional
3931,quadrant
3932,temporarily
3933,Weighted
3934,capacitive
3935,axonal
3936,foregoing
3937,Energy
3938,alarms
3939,glass
3940,diagnosed
3941,origin
3942,mesh
3943,soft
3944,bending
3945,projects
3946,conductor
3947,compatibility
3948,posteriori
3949,tester
3950,pin
3951,Application
3952,braincap
3953,normality
3954,inspecting
3955,die-away
3956,encountered
3957,workstation
3958,open-loop
3959,analyser
3960,white
3961,contaminants
3962,detail
3963,delivered
3964,fabricated
3965,oxide
3966,drift
3967,receipt
3968,triggered
3969,Power
3970,isolation
3971,tailored
3972,cardiovascular
3973,Any
3974,away
3975,proactive
3976,biomarkers
3977,imposed
3978,shows
3979,They
3980,divider
3981,focusing
3982,allocating
